,loss,accuracy,val_loss,val_accuracy
0,0.2256096452474594,0.9407695531845093,0.22189097106456757,0.9421654343605042
1,0.22547364234924316,0.9407695531845093,0.2217264324426651,0.9421654343605042
2,0.22534646093845367,0.9407695531845093,0.22160732746124268,0.9421654343605042
3,0.2252463847398758,0.9407695531845093,0.22149816155433655,0.9421654343605042
4,0.22517016530036926,0.9407695531845093,0.2214156836271286,0.9421654343605042
5,0.2250998169183731,0.9407695531845093,0.22133252024650574,0.9421654343605042
